{
  "images" : [
    {
      "idiom" : "universal",
      "filename" : "RightTriangle.png",
      "scale" : "1x"
    },
    {
      "idiom" : "universal",
      "filename" : "RightTriangleDark.png",
      "appearances" : [
        {
          "appearance" : "luminosity",
          "value" : "dark"
        }
      ],
      "scale" : "1x"
    },
    {
      "idiom" : "universal",
      "filename" : "RightTriangle@2x.png",
      "scale" : "2x"
    },
    {
      "idiom" : "universal",
      "filename" : "RightTriangleDark@2x.png",
      "appearances" : [
        {
          "appearance" : "luminosity",
          "value" : "dark"
        }
      ],
      "scale" : "2x"
    },
    {
      "idiom" : "universal",
      "filename" : "RightTriangle@3x.png",
      "scale" : "3x"
    },
    {
      "idiom" : "universal",
      "filename" : "RightTriangleDark@3x.png",
      "appearances" : [
        {
          "appearance" : "luminosity",
          "value" : "dark"
        }
      ],
      "scale" : "3x"
    }
  ],
  "info" : {
    "version" : 1,
    "author" : "xcode"
  }
}