{
  "images" : [
    {
      "idiom" : "universal",
      "filename" : "LeftTriangle.png",
      "scale" : "1x"
    },
    {
      "idiom" : "universal",
      "filename" : "LeftTriangleDark.png",
      "appearances" : [
        {
          "appearance" : "luminosity",
          "value" : "dark"
        }
      ],
      "scale" : "1x"
    },
    {
      "idiom" : "universal",
      "filename" : "LeftTriangle@2x.png",
      "scale" : "2x"
    },
    {
      "idiom" : "universal",
      "filename" : "LeftTriangleDark@2x.png",
      "appearances" : [
        {
          "appearance" : "luminosity",
          "value" : "dark"
        }
      ],
      "scale" : "2x"
    },
    {
      "idiom" : "universal",
      "filename" : "LeftTriangle@3x.png",
      "scale" : "3x"
    },
    {
      "idiom" : "universal",
      "filename" : "LeftTriangleDark@3x.png",
      "appearances" : [
        {
          "appearance" : "luminosity",
          "value" : "dark"
        }
      ],
      "scale" : "3x"
    }
  ],
  "info" : {
    "version" : 1,
    "author" : "xcode"
  }
}